"(PDH-CSV 4.0) (America/Sao_Paulo)(180)","\\desktop-qlgnca5\physicaldisk(0 c:)\% disk read time","\\desktop-qlgnca5\physicaldisk(0 c:)\% disk write time",
"2023-9-17 23:38:47.494","","0.6160708069801331",
"2023-9-17 23:38:48.480","0.19548341631889343","0.1961643248796463",
"2023-9-17 23:38:49.461","0.10303016752004623","0.9363600015640259",
"2023-9-17 23:38:50.466","","",
"2023-9-17 23:38:51.481","0.2878361940383911","0.07457498461008072",
"2023-9-17 23:38:53.179","0.0657331645488739","0.264004647731781",
"2023-9-17 23:38:54.210","0.5868031978607178","0.15334808826446533",
"2023-9-17 23:38:56.195","0.13129575550556183","0.14270269870758057",
"2023-9-17 23:38:57.242","","0.2059675008058548",
"2023-9-17 23:38:59.179","0.015089818276464939","0.09808381646871567",
"2023-9-17 23:39:2.775","","11.01445198059082",
"2023-9-17 23:39:3.794","","0.10413674265146255",
"2023-9-17 23:39:5.817","","0.15819299221038818",
"2023-9-17 23:39:6.824","","0.14621610939502716",
"2023-9-17 23:39:7.843","0.0713128000497818","0.11959709972143173",
"2023-9-17 23:39:8.971","","",
"2023-9-17 23:39:9.834","","0.4063311815261841",
"2023-9-17 23:39:10.838","0.948126494884491","",
"2023-9-17 23:39:11.842","","0.20326392352581024",
