"(PDH-CSV 4.0) (America/Sao_Paulo)(180)","\\desktop-qlgnca5\physicaldisk(0 c:)\% disk read time","\\desktop-qlgnca5\physicaldisk(0 c:)\% disk write time",
"2023-9-13 2:22:28.909","","0.6138679385185242",
"2023-9-13 2:22:29.905","","0.37172409892082214",
"2023-9-13 2:22:30.912","","0.05559902265667915",
"2023-9-13 2:22:31.913","","0.16784608364105225",
"2023-9-13 2:22:32.911","","0.09191057831048965",
"2023-9-13 2:22:34.166","","0.07762067764997482",
"2023-9-13 2:22:35.229","","0.05511399358510971",
"2023-9-13 2:22:37.166","0.06089526787400246","0.248954176902771",
"2023-9-13 2:22:38.182","","0.3488796055316925",
"2023-9-13 2:22:40.166","","0.08245851844549179",
"2023-9-13 2:22:41.166","","0.11455652117729187",
"2023-9-13 2:22:42.197","","0.2699143588542938",
"2023-9-13 2:22:44.166","","0.06598079204559326",
"2023-9-13 2:22:45.182","","0.22557078301906586",
"2023-9-13 2:22:47.166","0.018414093181490898","0.3544839024543762",
"2023-9-13 2:22:48.182","0.15710318088531494","0.080958791077137",
"2023-9-13 2:22:50.182","","0.3466153144836426",
"2023-9-13 2:22:51.166","","0.04532019793987274",
"2023-9-13 2:22:52.166","","0.06114993244409561",
"2023-9-13 2:22:53.182","","0.02347841113805771",
"2023-9-13 2:22:55.166","","0.011429281905293465",
"2023-9-13 2:22:56.166","","0.03078797645866871",
"2023-9-13 2:22:57.197","","0.044572748243808746",
"2023-9-13 2:22:59.166","","0.053133588284254074",
"2023-9-13 2:23:0.182","","0.036292966455221176",
"2023-9-13 2:23:2.177","","4.329802513122559",
"2023-9-13 2:23:3.218","","0.12259136885404587",
"2023-9-13 2:23:4.191","","0.10424304753541946",
"2023-9-13 2:23:5.201","","0.08941401541233063",
"2023-9-13 2:23:6.216","","0.10694459080696106",
"2023-9-13 2:23:7.208","","0.6207700371742249",
"2023-9-13 2:23:8.218","0.047581061720848083","0.1902153491973877",
"2023-9-13 2:23:9.436","","0.25086623430252075",
"2023-9-13 2:23:10.233","","",
"2023-9-13 2:23:11.225","","0.0843145027756691",
"2023-9-13 2:23:12.228","","0.06087323650717735",
