"(PDH-CSV 4.0) (America/Sao_Paulo)(180)","\\desktop-qlgnca5\memória\% bytes confirmados em uso",
"2023-9-17 23:38:47.526","38.28342056274414",
"2023-9-17 23:38:48.488","38.28643035888672",
"2023-9-17 23:38:49.485","38.43276596069336",
"2023-9-17 23:38:50.487","38.29397964477539",
"2023-9-17 23:38:51.489","38.25615692138672",
"2023-9-17 23:38:53.211","38.09605026245117",
"2023-9-17 23:38:55.195","37.87799072265625",
"2023-9-17 23:38:57.195","37.95619201660156",
"2023-9-17 23:38:58.195","37.883766174316406",
"2023-9-17 23:39:2.798","37.77995300292969",
"2023-9-17 23:39:3.793","38.15742111206055",
"2023-9-17 23:39:5.817","38.11518478393555",
"2023-9-17 23:39:6.815","38.179115295410156",
"2023-9-17 23:39:7.843","38.16752624511719",
"2023-9-17 23:39:8.957","38.07748794555664",
"2023-9-17 23:39:9.837","38.01520919799805",
"2023-9-17 23:39:10.842","38.00716781616211",
"2023-9-17 23:39:11.842","37.92950439453125",
