"(PDH-CSV 4.0) (America/Sao_Paulo)(180)","\\desktop-qlgnca5\memória\% bytes confirmados em uso",
"2023-9-13 2:22:25.484","38.034141540527344",
"2023-9-13 2:22:26.639","38.30808639526367",
"2023-9-13 2:22:27.387","38.42868423461914",
"2023-9-13 2:22:28.421","38.759212493896484",
"2023-9-13 2:22:29.385","38.72935104370117",
"2023-9-13 2:22:30.399","38.790557861328125",
"2023-9-13 2:22:31.395","38.830772399902344",
"2023-9-13 2:22:32.392","38.84306335449219",
"2023-9-13 2:22:33.401","38.785030364990234",
"2023-9-13 2:22:35.197","38.58132553100586",
"2023-9-13 2:22:37.166","38.57048034667969",
"2023-9-13 2:22:38.182","38.65853500366211",
"2023-9-13 2:22:40.166","38.618446350097656",
"2023-9-13 2:22:41.166","38.574851989746094",
"2023-9-13 2:22:42.166","38.48110580444336",
"2023-9-13 2:22:43.166","38.54804229736328",
"2023-9-13 2:22:44.197","38.61027908325195",
"2023-9-13 2:22:46.166","38.72902297973633",
"2023-9-13 2:22:47.197","38.65346145629883",
"2023-9-13 2:22:49.166","38.59621810913086",
"2023-9-13 2:22:50.182","38.571346282958984",
"2023-9-13 2:22:52.166","38.475040435791016",
"2023-9-13 2:22:53.166","38.475494384765625",
"2023-9-13 2:22:54.166","38.44926452636719",
"2023-9-13 2:22:55.198","38.42868423461914",
"2023-9-13 2:22:57.182","38.44621276855469",
"2023-9-13 2:22:58.166","38.444026947021484",
"2023-9-13 2:22:59.197","38.61391067504883",
"2023-9-13 2:23:0.260","38.65436935424805",
"2023-9-13 2:23:2.210","38.62059020996094",
"2023-9-13 2:23:3.254","38.96234130859375",
"2023-9-13 2:23:4.226","38.75249099731445",
"2023-9-13 2:23:5.235","38.736900329589844",
"2023-9-13 2:23:6.244","38.72250747680664",
"2023-9-13 2:23:7.245","38.71087646484375",
"2023-9-13 2:23:8.246","38.56342697143555",
"2023-9-13 2:23:9.450","38.537113189697266",
"2023-9-13 2:23:10.254","38.553157806396484",
"2023-9-13 2:23:11.262","38.45808792114258",
"2023-9-13 2:23:12.267","38.457881927490234",
