"(PDH-CSV 4.0) (America/Sao_Paulo)(180)","\\desktop-qlgnca5\informações do processador(_total)\% de utilitário do processador",
"2023-9-17 23:38:47.426","73.22949981689453",
"2023-9-17 23:38:48.411","49.34615707397461",
"2023-9-17 23:38:49.415","60.4066276550293",
"2023-9-17 23:38:50.419","40.11745834350586",
"2023-9-17 23:38:51.425","38.50556182861328",
"2023-9-17 23:38:53.179","29.35063934326172",
"2023-9-17 23:38:54.210","32.81619644165039",
"2023-9-17 23:38:56.195","24.293502807617188",
"2023-9-17 23:38:57.242","37.067665100097656",
"2023-9-17 23:38:59.179","16.486312866210938",
"2023-9-17 23:39:2.804","30.053911209106445",
"2023-9-17 23:39:3.829","45.710811614990234",
"2023-9-17 23:39:5.885","42.038429260253906",
"2023-9-17 23:39:6.851","38.40684127807617",
"2023-9-17 23:39:7.893","56.03953170776367",
"2023-9-17 23:39:8.971","60.08572006225586",
"2023-9-17 23:39:9.866","54.299400329589844",
"2023-9-17 23:39:10.873","40.38105392456055",
"2023-9-17 23:39:11.882","39.954708099365234",
