"(PDH-CSV 4.0) (America/Sao_Paulo)(180)","\\desktop-qlgnca5\informações do processador(_total)\% de utilitário do processador",
"2023-9-13 2:22:25.498","99.99998474121094",
"2023-9-13 2:22:26.584","99.99994659423828",
"2023-9-13 2:22:29.105","88.32430267333984",
"2023-9-13 2:22:30.108","39.385948181152344",
"2023-9-13 2:22:31.113","36.255191802978516",
"2023-9-13 2:22:32.108","40.97481155395508",
"2023-9-13 2:22:33.118","32.5554313659668",
"2023-9-13 2:22:34.182","33.67459487915039",
"2023-9-13 2:22:36.166","19.910560607910156",
"2023-9-13 2:22:37.197","32.53840255737305",
"2023-9-13 2:22:39.166","19.162750244140625",
"2023-9-13 2:22:40.197","26.80367088317871",
"2023-9-13 2:22:42.166","17.53614044189453",
"2023-9-13 2:22:43.166","16.37766456604004",
"2023-9-13 2:22:44.166","16.67133331298828",
"2023-9-13 2:22:45.244","24.790311813354492",
"2023-9-13 2:22:47.166","27.889991760253906",
"2023-9-13 2:22:48.182","16.176881790161133",
"2023-9-13 2:22:50.182","9.105037689208984",
"2023-9-13 2:22:51.166","5.717395782470703",
"2023-9-13 2:22:52.197","6.24391508102417",
"2023-9-13 2:22:54.166","3.104951858520508",
"2023-9-13 2:22:55.182","3.991719961166382",
"2023-9-13 2:22:57.166","3.560936212539673",
"2023-9-13 2:22:58.166","6.660459995269775",
"2023-9-13 2:22:59.166","34.27024459838867",
"2023-9-13 2:23:0.228","43.84212112426758",
"2023-9-13 2:23:2.176","26.739065170288086",
"2023-9-13 2:23:3.236","52.395469665527344",
"2023-9-13 2:23:4.200","55.89636993408203",
"2023-9-13 2:23:5.201","31.34247589111328",
"2023-9-13 2:23:6.211","44.965641021728516",
"2023-9-13 2:23:7.208","37.95764923095703",
"2023-9-13 2:23:8.228","37.642581939697266",
"2023-9-13 2:23:9.432","50.08894729614258",
"2023-9-13 2:23:10.229","44.65827560424805",
"2023-9-13 2:23:11.243","33.0019416809082",
"2023-9-13 2:23:12.253","31.7098445892334",
